domain,reason
pages.inc42.com,Robots.txt disallowed fetching https://pages.inc42.com
buywow.in,Robots.txt disallowed fetching https://buywow.in
325111116gb16fleurishfleurishllp.com,Robots.txt disallowed fetching https://325111116gb16fleurishfleurishllp.com
nonexistent-fake-store-12345.com,Robots.txt disallowed fetching https://nonexistent-fake-store-12345.com
rentomojo.com,Robots.txt disallowed fetching https://rentomojo.com
prnewswire.com,Robots.txt disallowed fetching https://prnewswire.com
giftspreppymonogrammedgifts.com,Robots.txt disallowed fetching https://giftspreppymonogrammedgifts.com
tiesallourties.com,Robots.txt disallowed fetching https://tiesallourties.com
aninews.in,Robots.txt disallowed fetching https://aninews.in
healingglobalhealing.com,Robots.txt disallowed fetching https://healingglobalhealing.com
rechargepayments.com,Robots.txt disallowed fetching https://rechargepayments.com
go.trustradius.com,Robots.txt disallowed fetching https://go.trustradius.com
dianstartuptimes.com,Robots.txt disallowed fetching https://dianstartuptimes.com
tommyjohn.com,Robots.txt disallowed fetching https://tommyjohn.com
apply.workable.com,Robots.txt disallowed fetching https://apply.workable.com
businessoffashion.com,Robots.txt disallowed fetching https://businessoffashion.com
mensabrands.com,Robots.txt disallowed fetching https://mensabrands.com
partners.omnisend.com,Robots.txt disallowed fetching https://partners.omnisend.com
reports.valuates.com,Robots.txt disallowed fetching https://reports.valuates.com
futurex.substack.com,Robots.txt disallowed fetching https://futurex.substack.com
swiggy.com,Robots.txt disallowed fetching https://swiggy.com
apt2b.com,Robots.txt disallowed fetching https://apt2b.com
pl.linkedin.com,Robots.txt disallowed fetching https://pl.linkedin.com
publications.thehindugroup.com,Robots.txt disallowed fetching https://publications.thehindugroup.com
scripbox.com,Robots.txt disallowed fetching https://scripbox.com
nookandcove.com,Robots.txt disallowed fetching https://nookandcove.com
wyzowl.com,Robots.txt disallowed fetching https://wyzowl.com
vanleeuwenicecream.com,Robots.txt disallowed fetching https://vanleeuwenicecream.com
lumenelumene.com,Robots.txt disallowed fetching https://lumenelumene.com
bain.com,Robots.txt disallowed fetching https://bain.com
launchtip.com,Robots.txt disallowed fetching https://launchtip.com
kineuphorics.com,Robots.txt disallowed fetching https://kineuphorics.com
orgpick.com,Robots.txt disallowed fetching https://orgpick.com
pczk.com,Robots.txt disallowed fetching https://pczk.com
youfoodz.com,Robots.txt disallowed fetching https://youfoodz.com
petfully.keka.com,Robots.txt disallowed fetching https://petfully.keka.com
therapeuticscirrustx.com,Robots.txt disallowed fetching https://therapeuticscirrustx.com
botanicalsherbivorebotanicals.com,Robots.txt disallowed fetching https://botanicalsherbivorebotanicals.com
noveemi.com,Robots.txt disallowed fetching https://noveemi.com
de.linkedin.com,Robots.txt disallowed fetching https://de.linkedin.com
36236164us27blackorchiddesignsblackorchiddesigns.com,Robots.txt disallowed fetching https://36236164us27blackorchiddesignsblackorchiddesigns.com
botanicalstruebotanicals.com,Robots.txt disallowed fetching https://botanicalstruebotanicals.com
biossancebiossance.com,Robots.txt disallowed fetching https://biossancebiossance.com
noom.com,Robots.txt disallowed fetching https://noom.com
bluatlas.com,Robots.txt disallowed fetching https://bluatlas.com
509ride509.com,Robots.txt disallowed fetching https://509ride509.com
dorjeteas.com,Robots.txt disallowed fetching https://dorjeteas.com
thehonestkitchen.com,Robots.txt disallowed fetching https://thehonestkitchen.com
starquik.com,Robots.txt disallowed fetching https://starquik.com
vaaree.com,Robots.txt disallowed fetching https://vaaree.com
isakfragrances.com,Robots.txt disallowed fetching https://isakfragrances.com
suprdaily.com,Robots.txt disallowed fetching https://suprdaily.com
organicindia.com,Robots.txt disallowed fetching https://organicindia.com
gymsharkgymshark.com,Robots.txt disallowed fetching https://gymsharkgymshark.com
sentimentssinceresentimentsny.com,Robots.txt disallowed fetching https://sentimentssinceresentimentsny.com
womenshealthnetwork.com,Robots.txt disallowed fetching https://womenshealthnetwork.com
browtisancosmetic.com,Robots.txt disallowed fetching https://browtisancosmetic.com
elephantdrunkelephant.com,Robots.txt disallowed fetching https://elephantdrunkelephant.com
healthoverstoryhealth.com,Robots.txt disallowed fetching https://healthoverstoryhealth.com
gartner.com,Robots.txt disallowed fetching https://gartner.com
bikayi.com,Robots.txt disallowed fetching https://bikayi.com
huelhuel.com,Robots.txt disallowed fetching https://huelhuel.com
inc42.keka.com,Robots.txt disallowed fetching https://inc42.keka.com
goodnessplumgoodness.com,Robots.txt disallowed fetching https://goodnessplumgoodness.com
events.inc42.com,Robots.txt disallowed fetching https://events.inc42.com
droswaldental.com,Robots.txt disallowed fetching https://droswaldental.com
sephora.com,Robots.txt disallowed fetching https://sephora.com
earthrhythm.com,Robots.txt disallowed fetching https://earthrhythm.com
sierranevada.com,Robots.txt disallowed fetching https://sierranevada.com
businesswire.com,Robots.txt disallowed fetching https://businesswire.com
ektha.com,Robots.txt disallowed fetching https://ektha.com
cnbc.com,Robots.txt disallowed fetching https://cnbc.com
bornplus.co.in,Robots.txt disallowed fetching https://bornplus.co.in
us.catalinacrunch.com,Robots.txt disallowed fetching https://us.catalinacrunch.com
bowymade.com,Robots.txt disallowed fetching https://bowymade.com
youngnails.com,Robots.txt disallowed fetching https://youngnails.com
sportaltitude-sports.com,Robots.txt disallowed fetching https://sportaltitude-sports.com
youthtothepeople.com,Robots.txt disallowed fetching https://youthtothepeople.com
biotechoberlandbiotech.com,Robots.txt disallowed fetching https://biotechoberlandbiotech.com
homeshopgardeniahome.com,Robots.txt disallowed fetching https://homeshopgardeniahome.com
jhilburn.com,Robots.txt disallowed fetching https://jhilburn.com
healthfabhealthfab.in,Robots.txt disallowed fetching https://healthfabhealthfab.in
boutiqueamaliajewelry.com,Robots.txt disallowed fetching https://boutiqueamaliajewelry.com
mumbaiangels.com,Robots.txt disallowed fetching https://mumbaiangels.com
customerexperiencedive.com,Robots.txt disallowed fetching https://customerexperiencedive.com
livehindustan.com,Robots.txt disallowed fetching https://livehindustan.com
aesop.com,Robots.txt disallowed fetching https://aesop.com
magecomp.com,Robots.txt disallowed fetching https://magecomp.com
shopify.in,Robots.txt disallowed fetching https://shopify.in
perfios.com,Robots.txt disallowed fetching https://perfios.com
support.wisepops.com,Robots.txt disallowed fetching https://support.wisepops.com
inhhair.com,Robots.txt disallowed fetching https://inhhair.com
meetyourherbs.com,Robots.txt disallowed fetching https://meetyourherbs.com
aboutfacecosmetics.com,Robots.txt disallowed fetching https://aboutfacecosmetics.com
frontline.thehindu.com,Robots.txt disallowed fetching https://frontline.thehindu.com
terractive.in,Robots.txt disallowed fetching https://terractive.in
mannheim.in,Robots.txt disallowed fetching https://mannheim.in
pickystory.com,Robots.txt disallowed fetching https://pickystory.com
my.linkedin.com,Robots.txt disallowed fetching https://my.linkedin.com
qalzyqalzy.com,Robots.txt disallowed fetching https://qalzyqalzy.com
fabplay.in,Robots.txt disallowed fetching https://fabplay.in
livewholier.com,Robots.txt disallowed fetching https://livewholier.com
uk.nobullproject.com,Robots.txt disallowed fetching https://uk.nobullproject.com
admin.shopify.com,Robots.txt disallowed fetching https://admin.shopify.com
newtonbaby.com,Robots.txt disallowed fetching https://newtonbaby.com
cy.linkedin.com,Robots.txt disallowed fetching https://cy.linkedin.com
drizly.com,Robots.txt disallowed fetching https://drizly.com
jitojiif.com,Robots.txt disallowed fetching https://jitojiif.com
mountainbeekombucha.in,Robots.txt disallowed fetching https://mountainbeekombucha.in
giadzy.com,Robots.txt disallowed fetching https://giadzy.com
strategydisorder.substack.com,Robots.txt disallowed fetching https://strategydisorder.substack.com
grandviewresearch.com,Robots.txt disallowed fetching https://grandviewresearch.com
fr.linkedin.com,Robots.txt disallowed fetching https://fr.linkedin.com
christydawn.com,Robots.txt disallowed fetching https://christydawn.com
wisepops.com,Robots.txt disallowed fetching https://wisepops.com
uk.gympluscoffee.com,Robots.txt disallowed fetching https://uk.gympluscoffee.com
marketthedetoxmarket.com,Robots.txt disallowed fetching https://marketthedetoxmarket.com
musicnotes.com,Robots.txt disallowed fetching https://musicnotes.com
toit.in,Robots.txt disallowed fetching https://toit.in
medboundtimes.com,Robots.txt disallowed fetching https://medboundtimes.com
freshtohome.com,Robots.txt disallowed fetching https://freshtohome.com
healthhiyahealth.com,Robots.txt disallowed fetching https://healthhiyahealth.com
apnnews.com,Robots.txt disallowed fetching https://apnnews.com
therugsstory.com,Robots.txt disallowed fetching https://therugsstory.com
thrasio.com,Robots.txt disallowed fetching https://thrasio.com
tortugabackpacks.com,Robots.txt disallowed fetching https://tortugabackpacks.com
redstagfulfillment.com,Robots.txt disallowed fetching https://redstagfulfillment.com
25ssabjiwaala.com,Robots.txt disallowed fetching https://25ssabjiwaala.com
kamaayurveda.in,Robots.txt disallowed fetching https://kamaayurveda.in
ikomatch.com,Robots.txt disallowed fetching https://ikomatch.com
checkoutlinks.com,Robots.txt disallowed fetching https://checkoutlinks.com
bookface.ycombinator.com,Robots.txt disallowed fetching https://bookface.ycombinator.com
stoneandstrand.com,Robots.txt disallowed fetching https://stoneandstrand.com
digitaljournal.com,Robots.txt disallowed fetching https://digitaljournal.com
thehindubusinessline.com,Robots.txt disallowed fetching https://thehindubusinessline.com
cocokindcocokind.com,Robots.txt disallowed fetching https://cocokindcocokind.com
knotstandard.com,Robots.txt disallowed fetching https://knotstandard.com
tinuiti.com,Robots.txt disallowed fetching https://tinuiti.com
bathingculture.com,Robots.txt disallowed fetching https://bathingculture.com
gonoise.com,Robots.txt disallowed fetching https://gonoise.com
libas.in,Robots.txt disallowed fetching https://libas.in
shophorne.com,Robots.txt disallowed fetching https://shophorne.com
api-docs.omnisend.com,Robots.txt disallowed fetching https://api-docs.omnisend.com
nonasties.in,Robots.txt disallowed fetching https://nonasties.in
blackriflecoffee.com,Robots.txt disallowed fetching https://blackriflecoffee.com
woodsmenwhiskey.com,Robots.txt disallowed fetching https://woodsmenwhiskey.com
onlinedoctor.lloydspharmacy.com,Robots.txt disallowed fetching https://onlinedoctor.lloydspharmacy.com
sprouts.com,Robots.txt disallowed fetching https://sprouts.com
aspire-aesthetic.com,Robots.txt disallowed fetching https://aspire-aesthetic.com
shinetoy.in,Robots.txt disallowed fetching https://shinetoy.in
g2.com,Robots.txt disallowed fetching https://g2.com
iig.org.in,Robots.txt disallowed fetching https://iig.org.in
rimowa.com,Robots.txt disallowed fetching https://rimowa.com
renewablesnow.com,Robots.txt disallowed fetching https://renewablesnow.com
therecipetailor.in,Robots.txt disallowed fetching https://therecipetailor.in
rubyrufus.com,Robots.txt disallowed fetching https://rubyrufus.com
chomps.com,Robots.txt disallowed fetching https://chomps.com
grana.com,Robots.txt disallowed fetching https://grana.com
sundayriley.com,Robots.txt disallowed fetching https://sundayriley.com
mejuri.com,Robots.txt disallowed fetching https://mejuri.com
in.pinterest.com,Robots.txt disallowed fetching https://in.pinterest.com
crossropecrossrope.com,Robots.txt disallowed fetching https://crossropecrossrope.com
ae.linkedin.com,Robots.txt disallowed fetching https://ae.linkedin.com
emarketer.com,Robots.txt disallowed fetching https://emarketer.com
organii.com,Robots.txt disallowed fetching https://organii.com
thecosmeticloungeacademy.com,Robots.txt disallowed fetching https://thecosmeticloungeacademy.com
gullylabs.clickpost.in,Robots.txt disallowed fetching https://gullylabs.clickpost.in
teeboandtee.com,Robots.txt disallowed fetching https://teeboandtee.com
news.google.com,Robots.txt disallowed fetching https://news.google.com
woofgangbakery.com,Robots.txt disallowed fetching https://woofgangbakery.com
jnlnaturals.com,Robots.txt disallowed fetching https://jnlnaturals.com
gorjana.com,Robots.txt disallowed fetching https://gorjana.com
help.tracxn.com,Robots.txt disallowed fetching https://help.tracxn.com
agereverser.com,Robots.txt disallowed fetching https://agereverser.com
alchemycosmetica.com,Robots.txt disallowed fetching https://alchemycosmetica.com
boredbev.com,Robots.txt disallowed fetching https://boredbev.com
glesina.com,Robots.txt disallowed fetching https://glesina.com
dashboard.clickpost.in,Robots.txt disallowed fetching https://dashboard.clickpost.in
collabstr.com,Robots.txt disallowed fetching https://collabstr.com
indianweddingsaree.com,Robots.txt disallowed fetching https://indianweddingsaree.com
tracxn.com,Robots.txt disallowed fetching https://tracxn.com
appstore.shoplazza.com,Robots.txt disallowed fetching https://appstore.shoplazza.com
houseofdaadi.com,Robots.txt disallowed fetching https://houseofdaadi.com
poshpeanut.com,Robots.txt disallowed fetching https://poshpeanut.com
himalayannatives.com,Robots.txt disallowed fetching https://himalayannatives.com
thepublive.com,Robots.txt disallowed fetching https://thepublive.com
kohlivaultbyviratkohli.com,Robots.txt disallowed fetching https://kohlivaultbyviratkohli.com
lww.com,Robots.txt disallowed fetching https://lww.com
thehinducentre.com,Robots.txt disallowed fetching https://thehinducentre.com
shop.byjus.com,Robots.txt disallowed fetching https://shop.byjus.com
giftthenextcustomgift.com,Robots.txt disallowed fetching https://giftthenextcustomgift.com
greenies.com,Robots.txt disallowed fetching https://greenies.com
marcellanyc.com,Robots.txt disallowed fetching https://marcellanyc.com
thehinduimages.com,Robots.txt disallowed fetching https://thehinduimages.com
dribbble.com,Robots.txt disallowed fetching https://dribbble.com
twentyonejewels.com,Robots.txt disallowed fetching https://twentyonejewels.com
gulaboils.com,Robots.txt disallowed fetching https://gulaboils.com
row.gymshark.com,Robots.txt disallowed fetching https://row.gymshark.com
topstartups.substack.com,Robots.txt disallowed fetching https://topstartups.substack.com
myglamm.com,Robots.txt disallowed fetching https://myglamm.com
comestri.com,Robots.txt disallowed fetching https://comestri.com
your-sportswear-name.com,Robots.txt disallowed fetching https://your-sportswear-name.com
semainesemainehealth.com,Robots.txt disallowed fetching https://semainesemainehealth.com
reshpcos.com,Robots.txt disallowed fetching https://reshpcos.com
strategyindia.com,Robots.txt disallowed fetching https://strategyindia.com
bodycraftbodycraft.co.in,Robots.txt disallowed fetching https://bodycraftbodycraft.co.in
cofauveandco.com,Robots.txt disallowed fetching https://cofauveandco.com
deccanchronicle.com,Robots.txt disallowed fetching https://deccanchronicle.com
sixth-sense.in,Robots.txt disallowed fetching https://sixth-sense.in
academyshopify.com,Robots.txt disallowed fetching https://academyshopify.com
in.linkedin.com,Robots.txt disallowed fetching https://in.linkedin.com
blinkit.com,Robots.txt disallowed fetching https://blinkit.com
nosto.com,Robots.txt disallowed fetching https://nosto.com
zaara.co.in,Robots.txt disallowed fetching https://zaara.co.in
naturalsjnlnaturals.com,Robots.txt disallowed fetching https://naturalsjnlnaturals.com
studionamesakestore.com,Robots.txt disallowed fetching https://studionamesakestore.com
aestheticink.com,Robots.txt disallowed fetching https://aestheticink.com
catbirdnyc.com,Robots.txt disallowed fetching https://catbirdnyc.com
lairdsuperfood.com,Robots.txt disallowed fetching https://lairdsuperfood.com
voicesoutdoorvoices.com,Robots.txt disallowed fetching https://voicesoutdoorvoices.com
getneuro.com,Robots.txt disallowed fetching https://getneuro.com
credobeauty.com,Robots.txt disallowed fetching https://credobeauty.com
mckinsey.com,Robots.txt disallowed fetching https://mckinsey.com
priyasinghi.com,Robots.txt disallowed fetching https://priyasinghi.com
octaneai.com,Robots.txt disallowed fetching https://octaneai.com
dermalcosmetics.com,Robots.txt disallowed fetching https://dermalcosmetics.com
d2cbazaar.com,Robots.txt disallowed fetching https://d2cbazaar.com
triplewhale.com,Robots.txt disallowed fetching https://triplewhale.com
deccanherald.com,Robots.txt disallowed fetching https://deccanherald.com
accounts.shopify.com,Robots.txt disallowed fetching https://accounts.shopify.com
freshheritage.com,Robots.txt disallowed fetching https://freshheritage.com
spdload.com,Robots.txt disallowed fetching https://spdload.com
volanteurope.com,Robots.txt disallowed fetching https://volanteurope.com
dove.com,Robots.txt disallowed fetching https://dove.com
justuno.com,Robots.txt disallowed fetching https://justuno.com
grocerydive.com,Robots.txt disallowed fetching https://grocerydive.com
thebump.com,Robots.txt disallowed fetching https://thebump.com
hulkapps.com,Robots.txt disallowed fetching https://hulkapps.com
oriflame.com,Robots.txt disallowed fetching https://oriflame.com
jobs.ashbyhq.com,Robots.txt disallowed fetching https://jobs.ashbyhq.com
flhexible.com,Robots.txt disallowed fetching https://flhexible.com
apresjewelry.com,Robots.txt disallowed fetching https://apresjewelry.com
threadsshopmdthreads.com,Robots.txt disallowed fetching https://threadsshopmdthreads.com
platform.tracxn.com,Robots.txt disallowed fetching https://platform.tracxn.com
keiretsuforum.com,Robots.txt disallowed fetching https://keiretsuforum.com
gogaonthegoga.com,Robots.txt disallowed fetching https://gogaonthegoga.com
insellarinsellar.com,Robots.txt disallowed fetching https://insellarinsellar.com
bullnobullproject.com,Robots.txt disallowed fetching https://bullnobullproject.com
superfoodlairdsuperfood.com,Robots.txt disallowed fetching https://superfoodlairdsuperfood.com
shapesoshape.com,Robots.txt disallowed fetching https://shapesoshape.com
qikink.com,Robots.txt disallowed fetching https://qikink.com
udemy.com,Robots.txt disallowed fetching https://udemy.com
janiceongsg.com,Robots.txt disallowed fetching https://janiceongsg.com
hamptonsouthofhampton.com,Robots.txt disallowed fetching https://hamptonsouthofhampton.com
rticcoolers.com,Robots.txt disallowed fetching https://rticcoolers.com
iab.com,Robots.txt disallowed fetching https://iab.com
splits59splits59.com,Robots.txt disallowed fetching https://splits59splits59.com
partners.shopify.com,Robots.txt disallowed fetching https://partners.shopify.com
fijiwater.com,Robots.txt disallowed fetching https://fijiwater.com
surefit.com,Robots.txt disallowed fetching https://surefit.com
sunshiningwave.com,Robots.txt disallowed fetching https://sunshiningwave.com
3ppurplle.com,Robots.txt disallowed fetching https://3ppurplle.com
4evermakeup.com,Robots.txt disallowed fetching https://4evermakeup.com
giftssimplyuniquebabygifts.com,Robots.txt disallowed fetching https://giftssimplyuniquebabygifts.com
drsebicellfood.com,Robots.txt disallowed fetching https://drsebicellfood.com
myobvi.com,Robots.txt disallowed fetching https://myobvi.com
westontable.com,Robots.txt disallowed fetching https://westontable.com
blueapron.com,Robots.txt disallowed fetching https://blueapron.com
mothercare.in,Robots.txt disallowed fetching https://mothercare.in
pninews.com,Robots.txt disallowed fetching https://pninews.com
tanishq.co.in,Robots.txt disallowed fetching https://tanishq.co.in
clocksandcolours.com,Robots.txt disallowed fetching https://clocksandcolours.com
isayorganic.com,Robots.txt disallowed fetching https://isayorganic.com
bluemercurybluemercury.com,Robots.txt disallowed fetching https://bluemercurybluemercury.com
nufacemynuface.com,Robots.txt disallowed fetching https://nufacemynuface.com
in,Robots.txt disallowed fetching https://in
orthopedicsinvictosortho.com,Robots.txt disallowed fetching https://orthopedicsinvictosortho.com
ee.linkedin.com,Robots.txt disallowed fetching https://ee.linkedin.com
peopleyouthtothepeople.com,Robots.txt disallowed fetching https://peopleyouthtothepeople.com
store.royalenfield.com,Robots.txt disallowed fetching https://store.royalenfield.com
bestwomensbest.com,Robots.txt disallowed fetching https://bestwomensbest.com
glammglamm.com,Robots.txt disallowed fetching https://glammglamm.com
shopthemonogramshops.com,Robots.txt disallowed fetching https://shopthemonogramshops.com
13kkindlife.in,Robots.txt disallowed fetching https://13kkindlife.in
nobullproject.com,Robots.txt disallowed fetching https://nobullproject.com
okcapsule.com,Robots.txt disallowed fetching https://okcapsule.com
brandlabs.inc42.com,Robots.txt disallowed fetching https://brandlabs.inc42.com
go4fresh.com,Robots.txt disallowed fetching https://go4fresh.com
stackedskincarestackedskincare.com,Robots.txt disallowed fetching https://stackedskincarestackedskincare.com
hindutamil.in,Robots.txt disallowed fetching https://hindutamil.in
entrepreneurindia.com,Robots.txt disallowed fetching https://entrepreneurindia.com
littlespoon.com,Robots.txt disallowed fetching https://littlespoon.com
foractiveforactive.com,Robots.txt disallowed fetching https://foractiveforactive.com
zendesk.com,Robots.txt disallowed fetching https://zendesk.com
islandstwoislandsco.com,Robots.txt disallowed fetching https://islandstwoislandsco.com
gourmetgarden.in,Robots.txt disallowed fetching https://gourmetgarden.in
pepperfry.com,Robots.txt disallowed fetching https://pepperfry.com
ochatbot.com,Robots.txt disallowed fetching https://ochatbot.com
moshmoshlife.com,Robots.txt disallowed fetching https://moshmoshlife.com
designrush.com,Robots.txt disallowed fetching https://designrush.com
kisankonnect.in,Robots.txt disallowed fetching https://kisankonnect.in
kamaayurveda.com,Robots.txt disallowed fetching https://kamaayurveda.com
furniture.nobroker.in,Robots.txt disallowed fetching https://furniture.nobroker.in
colouredraine.com,Robots.txt disallowed fetching https://colouredraine.com
saintdirtysaint.com,Robots.txt disallowed fetching https://saintdirtysaint.com
blog.kalkifashion.com,Robots.txt disallowed fetching https://blog.kalkifashion.com
organicbellavitaorganic.com,Robots.txt disallowed fetching https://organicbellavitaorganic.com
retreatsbeckleyretreats.com,Robots.txt disallowed fetching https://retreatsbeckleyretreats.com
unboundunbound-lifestyle.com,Robots.txt disallowed fetching https://unboundunbound-lifestyle.com
gov.in,Robots.txt disallowed fetching https://gov.in
about.ups.com,Robots.txt disallowed fetching https://about.ups.com
petmountain.com,Robots.txt disallowed fetching https://petmountain.com
themyfresh.com,Robots.txt disallowed fetching https://themyfresh.com
podifai.com,Robots.txt disallowed fetching https://podifai.com
shipsthreeshipsbeauty.com,Robots.txt disallowed fetching https://shipsthreeshipsbeauty.com
madrasi.in,Robots.txt disallowed fetching https://madrasi.in
uk.pinterest.com,Robots.txt disallowed fetching https://uk.pinterest.com
cosmeticskosas.com,Robots.txt disallowed fetching https://cosmeticskosas.com
admissions.pearlacademy.com,Robots.txt disallowed fetching https://admissions.pearlacademy.com
allpetsinformation.com,Robots.txt disallowed fetching https://allpetsinformation.com
api.whatsapp.com,Robots.txt disallowed fetching https://api.whatsapp.com
thereformation.com,Robots.txt disallowed fetching https://thereformation.com
epaper.thehindu.com,Robots.txt disallowed fetching https://epaper.thehindu.com
ambitionbox.com,Robots.txt disallowed fetching https://ambitionbox.com
en.edenly.com,Robots.txt disallowed fetching https://en.edenly.com
glassdoor.com,Robots.txt disallowed fetching https://glassdoor.com
solutionsbrainboxinc.com,Robots.txt disallowed fetching https://solutionsbrainboxinc.com
central.gymshark.com,Robots.txt disallowed fetching https://central.gymshark.com
farmeruncle.com,Robots.txt disallowed fetching https://farmeruncle.com
lovebonito.com,Robots.txt disallowed fetching https://lovebonito.com
newindianexpress.com,Robots.txt disallowed fetching https://newindianexpress.com
cta-redirect.hubspot.com,Robots.txt disallowed fetching https://cta-redirect.hubspot.com
itzyritzy.com,Robots.txt disallowed fetching https://itzyritzy.com
tbztheoriginal.com,Robots.txt disallowed fetching https://tbztheoriginal.com
monicavinader.com,Robots.txt disallowed fetching https://monicavinader.com
myprotein.com,Robots.txt disallowed fetching https://myprotein.com
bronxandbanco.com,Robots.txt disallowed fetching https://bronxandbanco.com
sprezzabox.com,Robots.txt disallowed fetching https://sprezzabox.com
deepmarketinsights.com,Robots.txt disallowed fetching https://deepmarketinsights.com
credocredobeauty.com,Robots.txt disallowed fetching https://credocredobeauty.com
ca.linkedin.com,Robots.txt disallowed fetching https://ca.linkedin.com
getfirepush.com,Robots.txt disallowed fetching https://getfirepush.com
altitude-sports.com,Robots.txt disallowed fetching https://altitude-sports.com
reclinersindia.com,Robots.txt disallowed fetching https://reclinersindia.com
honestpaws.com,Robots.txt disallowed fetching https://honestpaws.com
artistticdecor.com,Robots.txt disallowed fetching https://artistticdecor.com
trak.in,Robots.txt disallowed fetching https://trak.in
nykaafashion.com,Robots.txt disallowed fetching https://nykaafashion.com
trustpilot.com,Robots.txt disallowed fetching https://trustpilot.com
biotechlasobiotech.com,Robots.txt disallowed fetching https://biotechlasobiotech.com
sportstar.thehindu.com,Robots.txt disallowed fetching https://sportstar.thehindu.com
lenskart.com,Robots.txt disallowed fetching https://lenskart.com
baymard.com,Robots.txt disallowed fetching https://baymard.com
nutrabay.com,Robots.txt disallowed fetching https://nutrabay.com
trends.builtwith.com,Robots.txt disallowed fetching https://trends.builtwith.com
09958345us4mybambino.com,Robots.txt disallowed fetching https://09958345us4mybambino.com
glamira.com,Robots.txt disallowed fetching https://glamira.com
mediatorsparkmediatorspark.com,Robots.txt disallowed fetching https://mediatorsparkmediatorspark.com
drinklmnt.com,Robots.txt disallowed fetching https://drinklmnt.com
electricpicks.com,Robots.txt disallowed fetching https://electricpicks.com
businessfortnight.com,Robots.txt disallowed fetching https://businessfortnight.com
cal.com,Robots.txt disallowed fetching https://cal.com
vitalydesign.com,Robots.txt disallowed fetching https://vitalydesign.com
in.fashionnetwork.com,Robots.txt disallowed fetching https://in.fashionnetwork.com
biossance.com,Robots.txt disallowed fetching https://biossance.com
negativeunderwear.com,Robots.txt disallowed fetching https://negativeunderwear.com
navrathan.com,Robots.txt disallowed fetching https://navrathan.com
fashable.in,Robots.txt disallowed fetching https://fashable.in
themarbleous.com,Robots.txt disallowed fetching https://themarbleous.com
fomobrews.com,Robots.txt disallowed fetching https://fomobrews.com
community.shopify.com,Robots.txt disallowed fetching https://community.shopify.com
x.com,Robots.txt disallowed fetching https://x.com
lnkd.in,Robots.txt disallowed fetching https://lnkd.in
brilliantearth.com,Robots.txt disallowed fetching https://brilliantearth.com
slendertoneslendertone.com,Robots.txt disallowed fetching https://slendertoneslendertone.com
ywc.thehindu.com,Robots.txt disallowed fetching https://ywc.thehindu.com
digitalcommerce360.com,Robots.txt disallowed fetching https://digitalcommerce360.com
burkedecor.com,Robots.txt disallowed fetching https://burkedecor.com
timeshiftertimeshifter.com,Robots.txt disallowed fetching https://timeshiftertimeshifter.com
sabjiwaala.com,Robots.txt disallowed fetching https://sabjiwaala.com
geologiegeologie.com,Robots.txt disallowed fetching https://geologiegeologie.com
rileysundayriley.com,Robots.txt disallowed fetching https://rileysundayriley.com
account.ycombinator.com,Robots.txt disallowed fetching https://account.ycombinator.com
indiainvestmentgrid.gov.in,Robots.txt disallowed fetching https://indiainvestmentgrid.gov.in
nawabparker.com,Robots.txt disallowed fetching https://nawabparker.com
alehraalehra.com,Robots.txt disallowed fetching https://alehraalehra.com
cyankart.com,Robots.txt disallowed fetching https://cyankart.com
legionathletics.com,Robots.txt disallowed fetching https://legionathletics.com
ecovcraft.com,Robots.txt disallowed fetching https://ecovcraft.com
startupindia.gov.in,Robots.txt disallowed fetching https://startupindia.gov.in
investor.elfbeauty.com,Robots.txt disallowed fetching https://investor.elfbeauty.com
cn.linkedin.com,Robots.txt disallowed fetching https://cn.linkedin.com
tribuneindia.com,Robots.txt disallowed fetching https://tribuneindia.com
20dresses.com,Robots.txt disallowed fetching https://20dresses.com
doyouevendoyoueven.com,Robots.txt disallowed fetching https://doyouevendoyoueven.com
malibuoseamalibu.com,Robots.txt disallowed fetching https://malibuoseamalibu.com
bd.linkedin.com,Robots.txt disallowed fetching https://bd.linkedin.com
physiqueprothephysiquepro.com,Robots.txt disallowed fetching https://physiqueprothephysiquepro.com
braze.com,Robots.txt disallowed fetching https://braze.com
forestessentialsindia.com,Robots.txt disallowed fetching https://forestessentialsindia.com
omnisend.com,Robots.txt disallowed fetching https://omnisend.com
svamidrinks.com,Robots.txt disallowed fetching https://svamidrinks.com
w.tracxn.com,Robots.txt disallowed fetching https://w.tracxn.com
lilahlillieandlilah.com,Robots.txt disallowed fetching https://lilahlillieandlilah.com
mail4agam.medium.com,Robots.txt disallowed fetching https://mail4agam.medium.com
ministryofsupply.com,Robots.txt disallowed fetching https://ministryofsupply.com
bulgari.com,Robots.txt disallowed fetching https://bulgari.com
advisorsi2health.com,Robots.txt disallowed fetching https://advisorsi2health.com
lumedeodorant.com,Robots.txt disallowed fetching https://lumedeodorant.com
omoroviczaomorovicza.com,Robots.txt disallowed fetching https://omoroviczaomorovicza.com
shopbeam.com,Robots.txt disallowed fetching https://shopbeam.com
fashinza.com,Robots.txt disallowed fetching https://fashinza.com
ebth.com,Robots.txt disallowed fetching https://ebth.com
anzacoffee.com,Robots.txt disallowed fetching https://anzacoffee.com
kaylaitsines.com,Robots.txt disallowed fetching https://kaylaitsines.com
warbyparker.com,Robots.txt disallowed fetching https://warbyparker.com
bathhouseabathhouse.com,Robots.txt disallowed fetching https://bathhouseabathhouse.com
crossrope.com,Robots.txt disallowed fetching https://crossrope.com
pupnaps.com,Robots.txt disallowed fetching https://pupnaps.com
journals.lww.com,Robots.txt disallowed fetching https://journals.lww.com
diatimes.com,Robots.txt disallowed fetching https://diatimes.com
indianstartupnews.com,Robots.txt disallowed fetching https://indianstartupnews.com
threads.com,Robots.txt disallowed fetching https://threads.com
support.omnisend.com,Robots.txt disallowed fetching https://support.omnisend.com
ivliquid-iv.com,Robots.txt disallowed fetching https://ivliquid-iv.com
helplama.com,Robots.txt disallowed fetching https://helplama.com
pacificapacificabeauty.com,Robots.txt disallowed fetching https://pacificapacificabeauty.com
yogaaloyoga.com,Robots.txt disallowed fetching https://yogaaloyoga.com
rebeccaminkoff.com,Robots.txt disallowed fetching https://rebeccaminkoff.com
karlvivienkarl.com,Robots.txt disallowed fetching https://karlvivienkarl.com
cosmoprof.com,Robots.txt disallowed fetching https://cosmoprof.com
supply6supplysix.com,Robots.txt disallowed fetching https://supply6supplysix.com
docs.google.com,Robots.txt disallowed fetching https://docs.google.com
tempastitchedbytempa.com,Robots.txt disallowed fetching https://tempastitchedbytempa.com
flatheads.in,Robots.txt disallowed fetching https://flatheads.in
2ppurplle.com,Robots.txt disallowed fetching https://2ppurplle.com
thrivemarket.com,Robots.txt disallowed fetching https://thrivemarket.com
es.linkedin.com,Robots.txt disallowed fetching https://es.linkedin.com
foodunion.com,Robots.txt disallowed fetching https://foodunion.com
app.omnisend.com,Robots.txt disallowed fetching https://app.omnisend.com
twobrothersindia.com,Robots.txt disallowed fetching https://twobrothersindia.com
kiahdavey.com,Robots.txt disallowed fetching https://kiahdavey.com
status.wisepops.com,Robots.txt disallowed fetching https://status.wisepops.com
seo.magecomp.com,Robots.txt disallowed fetching https://seo.magecomp.com
just-herbs-indiajustherbs.in,Robots.txt disallowed fetching https://just-herbs-indiajustherbs.in
openthemagazine.com,Robots.txt disallowed fetching https://openthemagazine.com
hubspot.com,Robots.txt disallowed fetching https://hubspot.com
edelman.com,Robots.txt disallowed fetching https://edelman.com
startupbonsai.com,Robots.txt disallowed fetching https://startupbonsai.com
tourparavel.com,Robots.txt disallowed fetching https://tourparavel.com
cotopaxi.com,Robots.txt disallowed fetching https://cotopaxi.com
jacksongalaxy.com,Robots.txt disallowed fetching https://jacksongalaxy.com
truebotanicals.com,Robots.txt disallowed fetching https://truebotanicals.com
faroha.com,Robots.txt disallowed fetching https://faroha.com
medicalmaxqmedical.com,Robots.txt disallowed fetching https://medicalmaxqmedical.com
medlife.com,Robots.txt disallowed fetching https://medlife.com
thursdayboots.com,Robots.txt disallowed fetching https://thursdayboots.com
healthscot.com,Robots.txt disallowed fetching https://healthscot.com
recipeglowrecipe.com,Robots.txt disallowed fetching https://recipeglowrecipe.com
vinculumgroup.com,Robots.txt disallowed fetching https://vinculumgroup.com
healthtybrhealth.com,Robots.txt disallowed fetching https://healthtybrhealth.com
boxrawboxraw.com,Robots.txt disallowed fetching https://boxrawboxraw.com
triggerr.in,Robots.txt disallowed fetching https://triggerr.in
share.seoant.com,Robots.txt disallowed fetching https://share.seoant.com
upsidefoods.com,Robots.txt disallowed fetching https://upsidefoods.com
firsthandfirsthandcares.com,Robots.txt disallowed fetching https://firsthandfirsthandcares.com
khazanajewellery.com,Robots.txt disallowed fetching https://khazanajewellery.com
cosmeticboutique.com,Robots.txt disallowed fetching https://cosmeticboutique.com
bsg-viee.com,Robots.txt disallowed fetching https://bsg-viee.com
theworldcounts.com,Robots.txt disallowed fetching https://theworldcounts.com
forms.office.com,Robots.txt disallowed fetching https://forms.office.com
appmarket.omnisend.com,Robots.txt disallowed fetching https://appmarket.omnisend.com
unionskin-union.com,Robots.txt disallowed fetching https://unionskin-union.com
cosmeticmarketingstore.com,Robots.txt disallowed fetching https://cosmeticmarketingstore.com
healthfaexhealth.com,Robots.txt disallowed fetching https://healthfaexhealth.com
au.linkedin.com,Robots.txt disallowed fetching https://au.linkedin.com
wellbeloved.com,Robots.txt disallowed fetching https://wellbeloved.com
organicharvest.in,Robots.txt disallowed fetching https://organicharvest.in
blockifyapp.com,Robots.txt disallowed fetching https://blockifyapp.com
eg.linkedin.com,Robots.txt disallowed fetching https://eg.linkedin.com
pdpaola.com,Robots.txt disallowed fetching https://pdpaola.com
edenly.com,Robots.txt disallowed fetching https://edenly.com
swankyagency.com,Robots.txt disallowed fetching https://swankyagency.com
rouje.com,Robots.txt disallowed fetching https://rouje.com
mylipfiller.com,Robots.txt disallowed fetching https://mylipfiller.com
shuracosmetics.com,Robots.txt disallowed fetching https://shuracosmetics.com
forceventures.in,Robots.txt disallowed fetching https://forceventures.in
fameandpartners.com,Robots.txt disallowed fetching https://fameandpartners.com
founderjar.com,Robots.txt disallowed fetching https://founderjar.com
nuethenueco.com,Robots.txt disallowed fetching https://nuethenueco.com
follainfollain.com,Robots.txt disallowed fetching https://follainfollain.com
app.bikayi.com,Robots.txt disallowed fetching https://app.bikayi.com
generalatlantic.com,Robots.txt disallowed fetching https://generalatlantic.com
magenest.com,Robots.txt disallowed fetching https://magenest.com
magento.com,Robots.txt disallowed fetching https://magento.com
hyugalifehyugalife.com,Robots.txt disallowed fetching https://hyugalifehyugalife.com
mypethow.com,Robots.txt disallowed fetching https://mypethow.com
blenderbottleblenderbottle.com,Robots.txt disallowed fetching https://blenderbottleblenderbottle.com
contentmarketinginstitute.com,Robots.txt disallowed fetching https://contentmarketinginstitute.com
sezane.com,Robots.txt disallowed fetching https://sezane.com
managementx.com,Robots.txt disallowed fetching https://managementx.com
doctorsadoctorsa.com,Robots.txt disallowed fetching https://doctorsadoctorsa.com
frankielee.com,Robots.txt disallowed fetching https://frankielee.com
1800d2c.com,Robots.txt disallowed fetching https://1800d2c.com
trulux.com,Robots.txt disallowed fetching https://trulux.com
nayore.com,Robots.txt disallowed fetching https://nayore.com
kida-digital.plutio.com,Robots.txt disallowed fetching https://kida-digital.plutio.com
kravebeautykravebeauty.com,Robots.txt disallowed fetching https://kravebeautykravebeauty.com
stationdibsies.com,Robots.txt disallowed fetching https://stationdibsies.com
ornotbike.com,Robots.txt disallowed fetching https://ornotbike.com
prateeksha.com,Robots.txt disallowed fetching https://prateeksha.com
sa.linkedin.com,Robots.txt disallowed fetching https://sa.linkedin.com
miansai.com,Robots.txt disallowed fetching https://miansai.com
jeulia.com,Robots.txt disallowed fetching https://jeulia.com
tubbytodd.com,Robots.txt disallowed fetching https://tubbytodd.com
drbancosmetics.com,Robots.txt disallowed fetching https://drbancosmetics.com
se.linkedin.com,Robots.txt disallowed fetching https://se.linkedin.com
kindraourkindra.com,Robots.txt disallowed fetching https://kindraourkindra.com
wisdominterface.com,Robots.txt disallowed fetching https://wisdominterface.com
resource-cns.cnsmedia.com,Robots.txt disallowed fetching https://resource-cns.cnsmedia.com
thecosmeticlounge.com,Robots.txt disallowed fetching https://thecosmeticlounge.com
tcnme.com,Robots.txt disallowed fetching https://tcnme.com
brandless.com,Robots.txt disallowed fetching https://brandless.com
lbbrewers.com,Robots.txt disallowed fetching https://lbbrewers.com
uk.gymshark.com,Robots.txt disallowed fetching https://uk.gymshark.com
signup.qikink.com,Robots.txt disallowed fetching https://signup.qikink.com
patpatwholesale.com,Robots.txt disallowed fetching https://patpatwholesale.com
100percentpure.com,Robots.txt disallowed fetching https://100percentpure.com
naturalsbubsnaturals.com,Robots.txt disallowed fetching https://naturalsbubsnaturals.com
dermatologychosenstore.in,Robots.txt disallowed fetching https://dermatologychosenstore.in
cosmeticstabilitytestingaustralia.com,Robots.txt disallowed fetching https://cosmeticstabilitytestingaustralia.com
techsciresearch.com,Robots.txt disallowed fetching https://techsciresearch.com
quirkybev.com,Robots.txt disallowed fetching https://quirkybev.com
77diamonds.com,Robots.txt disallowed fetching https://77diamonds.com
agronicfood.com,Robots.txt disallowed fetching https://agronicfood.com
ruggable.com,Robots.txt disallowed fetching https://ruggable.com
whippingpost.com,Robots.txt disallowed fetching https://whippingpost.com
ishkafarms.com,Robots.txt disallowed fetching https://ishkafarms.com
org.in,Robots.txt disallowed fetching https://org.in
us12.campaign-archive.com,Robots.txt disallowed fetching https://us12.campaign-archive.com
analyzify.com,Robots.txt disallowed fetching https://analyzify.com
healthlucillehealth.com,Robots.txt disallowed fetching https://healthlucillehealth.com
emergehosting.com,Robots.txt disallowed fetching https://emergehosting.com
epaper.thehindubusinessline.com,Robots.txt disallowed fetching https://epaper.thehindubusinessline.com
whiskylabs.in,Robots.txt disallowed fetching https://whiskylabs.in
yourwobb.com,Robots.txt disallowed fetching https://yourwobb.com
jointyogajoint.com,Robots.txt disallowed fetching https://jointyogajoint.com
uk.linkedin.com,Robots.txt disallowed fetching https://uk.linkedin.com
shopproclub.com,Robots.txt disallowed fetching https://shopproclub.com
upsnac.com,Robots.txt disallowed fetching https://upsnac.com
houseoindya.com,Robots.txt disallowed fetching https://houseoindya.com
canada1.discourse-cdn.com,Robots.txt disallowed fetching https://canada1.discourse-cdn.com
supliful.com,Robots.txt disallowed fetching https://supliful.com
pro.similarweb.com,Robots.txt disallowed fetching https://pro.similarweb.com
nutritionnnbnutrition.com,Robots.txt disallowed fetching https://nutritionnnbnutrition.com
bwcjchina.com,Robots.txt disallowed fetching https://bwcjchina.com
seed.com,Robots.txt disallowed fetching https://seed.com
app.cartrover.com,Robots.txt disallowed fetching https://app.cartrover.com
veyndveynd.com,Robots.txt disallowed fetching https://veyndveynd.com
manubhai.in,Robots.txt disallowed fetching https://manubhai.in
urjaajewels.com,Robots.txt disallowed fetching https://urjaajewels.com
newhope.com,Robots.txt disallowed fetching https://newhope.com
fahertybrand.com,Robots.txt disallowed fetching https://fahertybrand.com
pawsomecouture.com,Robots.txt disallowed fetching https://pawsomecouture.com
fillerworldwidesupplies.com,Robots.txt disallowed fetching https://fillerworldwidesupplies.com
ausjshealthvitamins.com,Robots.txt disallowed fetching https://ausjshealthvitamins.com
ar.pinterest.com,Robots.txt disallowed fetching https://ar.pinterest.com
nl.linkedin.com,Robots.txt disallowed fetching https://nl.linkedin.com
beauty-heroes.com,Robots.txt disallowed fetching https://beauty-heroes.com
jewlr.com,Robots.txt disallowed fetching https://jewlr.com
za.linkedin.com,Robots.txt disallowed fetching https://za.linkedin.com
faire.com,Robots.txt disallowed fetching https://faire.com
justfab.com,Robots.txt disallowed fetching https://justfab.com
creationsmysignaturecreations.com,Robots.txt disallowed fetching https://creationsmysignaturecreations.com
indianwinecompany.com,Robots.txt disallowed fetching https://indianwinecompany.com
giftgreetandgift.com,Robots.txt disallowed fetching https://giftgreetandgift.com
oliveandpiper.com,Robots.txt disallowed fetching https://oliveandpiper.com
forshopify.com,Robots.txt disallowed fetching https://forshopify.com
centerultimatelongevitycenter.com,Robots.txt disallowed fetching https://centerultimatelongevitycenter.com
neutonicneutonic.com,Robots.txt disallowed fetching https://neutonicneutonic.com
deals.ycombinator.com,Robots.txt disallowed fetching https://deals.ycombinator.com
rodanandfields.com,Robots.txt disallowed fetching https://rodanandfields.com
startupsunplugged.substack.com,Robots.txt disallowed fetching https://startupsunplugged.substack.com
zilingotrade.com,Robots.txt disallowed fetching https://zilingotrade.com
moosedesk.com,Robots.txt disallowed fetching https://moosedesk.com
business.facebook.com,Robots.txt disallowed fetching https://business.facebook.com
mu.linkedin.com,Robots.txt disallowed fetching https://mu.linkedin.com
3951617us15penelopetompenelopetom.com,Robots.txt disallowed fetching https://3951617us15penelopetompenelopetom.com
searchspring.com,Robots.txt disallowed fetching https://searchspring.com
goodglamm.com,Robots.txt disallowed fetching https://goodglamm.com
xinnuofood.com,Robots.txt disallowed fetching https://xinnuofood.com
healthpersonhealth.com,Robots.txt disallowed fetching https://healthpersonhealth.com
hungryroot.com,Robots.txt disallowed fetching https://hungryroot.com
pt.linkedin.com,Robots.txt disallowed fetching https://pt.linkedin.com
healthcarekolorshealthcare.com,Robots.txt disallowed fetching https://healthcarekolorshealthcare.com
substack.com,Robots.txt disallowed fetching https://substack.com
rarebiblio.com,Robots.txt disallowed fetching https://rarebiblio.com
socialmediatoday.com,Robots.txt disallowed fetching https://socialmediatoday.com
tuftandpaw.com,Robots.txt disallowed fetching https://tuftandpaw.com
be.linkedin.com,Robots.txt disallowed fetching https://be.linkedin.com
innerchef.com,Robots.txt disallowed fetching https://innerchef.com
zoovu.com,Robots.txt disallowed fetching https://zoovu.com
babyneticbabynetic.com,Robots.txt disallowed fetching https://babyneticbabynetic.com
proteincampusprotein.com,Robots.txt disallowed fetching https://proteincampusprotein.com
kaged.com,Robots.txt disallowed fetching https://kaged.com
global.oliveyoung.com,Robots.txt disallowed fetching https://global.oliveyoung.com
6sense.com,Robots.txt disallowed fetching https://6sense.com
sakara.com,Robots.txt disallowed fetching https://sakara.com
shreve.com,Robots.txt disallowed fetching https://shreve.com
gainful.com,Robots.txt disallowed fetching https://gainful.com
imarcgroup.com,Robots.txt disallowed fetching https://imarcgroup.com
coffee.in,Robots.txt disallowed fetching https://coffee.in
usa30breyerhorses.com,Robots.txt disallowed fetching https://usa30breyerhorses.com
pier1.com,Robots.txt disallowed fetching https://pier1.com
culturednaari.com,Robots.txt disallowed fetching https://culturednaari.com
sg.linkedin.com,Robots.txt disallowed fetching https://sg.linkedin.com
koovs.com,Robots.txt disallowed fetching https://koovs.com
d2cretreat.com,Robots.txt disallowed fetching https://d2cretreat.com
estheticonlinesupply.com,Robots.txt disallowed fetching https://estheticonlinesupply.com
dutch.com,Robots.txt disallowed fetching https://dutch.com
1stphorm.com,Robots.txt disallowed fetching https://1stphorm.com
kisaanparivar.com,Robots.txt disallowed fetching https://kisaanparivar.com
heatronicsheatronics.in,Robots.txt disallowed fetching https://heatronicsheatronics.in
angellist.com,Robots.txt disallowed fetching https://angellist.com
organicsneomorganics.com,Robots.txt disallowed fetching https://organicsneomorganics.com
instaastroinstaastro.com,Robots.txt disallowed fetching https://instaastroinstaastro.com
centersoundhealthwellness.com,Robots.txt disallowed fetching https://centersoundhealthwellness.com
organicsleefyorganics.com,Robots.txt disallowed fetching https://organicsleefyorganics.com
melbournecosmetic.com,Robots.txt disallowed fetching https://melbournecosmetic.com
producthunt.com,Robots.txt disallowed fetching https://producthunt.com
drip.com,Robots.txt disallowed fetching https://drip.com
dkny.com,Robots.txt disallowed fetching https://dkny.com
pinkjustblueorpink.com,Robots.txt disallowed fetching https://pinkjustblueorpink.com
wefounderscircle.com,Robots.txt disallowed fetching https://wefounderscircle.com
skinversedskin.com,Robots.txt disallowed fetching https://skinversedskin.com
superbthemes.com,Robots.txt disallowed fetching https://superbthemes.com
borngroup.com,Robots.txt disallowed fetching https://borngroup.com
fortunebusinessinsights.com,Robots.txt disallowed fetching https://fortunebusinessinsights.com
glimmrglimmr.com,Robots.txt disallowed fetching https://glimmrglimmr.com
lunacare.com,Robots.txt disallowed fetching https://lunacare.com
foodtechbiz.com,Robots.txt disallowed fetching https://foodtechbiz.com
calendly.com,Robots.txt disallowed fetching https://calendly.com
medisilk.com,Robots.txt disallowed fetching https://medisilk.com
hellobello.com,Robots.txt disallowed fetching https://hellobello.com
grok.com,Robots.txt disallowed fetching https://grok.com
parachutehome.com,Robots.txt disallowed fetching https://parachutehome.com
neuworldspirits.com,Robots.txt disallowed fetching https://neuworldspirits.com
thehindugroup.com,Robots.txt disallowed fetching https://thehindugroup.com
developers.omnisend.com,Robots.txt disallowed fetching https://developers.omnisend.com
southerncosmetics.com,Robots.txt disallowed fetching https://southerncosmetics.com
junglee.com,Robots.txt disallowed fetching https://junglee.com
owletcare.com,Robots.txt disallowed fetching https://owletcare.com
answeriq.com,Robots.txt disallowed fetching https://answeriq.com
green.koparibeauty.com,Robots.txt disallowed fetching https://green.koparibeauty.com
kencko.com,Robots.txt disallowed fetching https://kencko.com
generatepress.com,Robots.txt disallowed fetching https://generatepress.com
atozanimalszoo.com,Robots.txt disallowed fetching https://atozanimalszoo.com
drift.com,Robots.txt disallowed fetching https://drift.com
senreve.com,Robots.txt disallowed fetching https://senreve.com
bootleads.com,Robots.txt disallowed fetching https://bootleads.com
ipventures.in,Robots.txt disallowed fetching https://ipventures.in
gowaterless.in,Robots.txt disallowed fetching https://gowaterless.in
enjoyrio.in,Robots.txt disallowed fetching https://enjoyrio.in
www.shopify.com,Robots.txt disallowed fetching https://www.shopify.com
www.omnisend.com,Robots.txt disallowed fetching https://www.omnisend.com
www.eachspy.com,Robots.txt disallowed fetching https://www.eachspy.com
www.identixweb.com,Robots.txt disallowed fetching https://www.identixweb.com
bloomagency.in,Robots.txt disallowed fetching https://bloomagency.in
themeforest.net,Robots.txt disallowed fetching https://themeforest.net
oneonic.com,Robots.txt disallowed fetching https://oneonic.com
shopplaza.io,Robots.txt disallowed fetching https://shopplaza.io
cultstore.com,Robots.txt disallowed fetching https://cultstore.com
www.reddit.com,Robots.txt disallowed fetching https://www.reddit.com
metizsoft.com,Robots.txt disallowed fetching https://metizsoft.com
www.nykaafashion.com,Robots.txt disallowed fetching https://www.nykaafashion.com
www.instagram.com,Robots.txt disallowed fetching https://www.instagram.com
cro.media,Robots.txt disallowed fetching https://cro.media
www.storehippo.com,Robots.txt disallowed fetching https://www.storehippo.com
www.pipiads.com,Robots.txt disallowed fetching https://www.pipiads.com
