url,confidence,evidence
https://brand.com,20,"WHOIS is privacy-shielded (No country conflict check); Indian currency symbol/acronym (₹, INR, Rs) found (Source: Homepage)"
https://healthandglow.com,40,WHOIS is privacy-shielded (No country conflict check); Shopify base currency INR (Source: Homepage)
https://madeincookware.com,20,"WHOIS is privacy-shielded (No country conflict check); Indian currency symbol/acronym (₹, INR, Rs) found (Source: Homepage)"
https://skims.com,20,"WHOIS is privacy-shielded (No country conflict check); Indian currency symbol/acronym (₹, INR, Rs) found (Source: Homepage)"
https://cultstore.com,45,"WHOIS is privacy-shielded (No country conflict check); Indian location(s) found: karnataka, bengaluru (Source: Subpage /pages/contact); Indian 6-digit PIN code near address found (Source: Subpage /pages/contact)"
https://kaff.in,45,TLD is .in; WHOIS is privacy-shielded (No country conflict check); WHOIS country is India (supporting signal)
https://theindianbean.com,40,WHOIS is privacy-shielded (No country conflict check); Shopify base currency INR (Source: Homepage)
https://rotimatic.com,50,"WHOIS is privacy-shielded (No country conflict check); Indian location(s) found: mumbai (Source: Homepage); Indian currency symbol/acronym (₹, INR, Rs) found (Source: Homepage)"
https://blog.koskii.com,30,"WHOIS is privacy-shielded (No country conflict check); Indian location(s) found: delhi, bengaluru, chennai, hyderabad, kochi (Source: Subpage /pages/about-us)"
